cluster_id,accident_count,center_latitude,center_longitude,deaths,injuries,avg_severity,predominant_hour,predominant_day,predominant_cause,radius_km,density_score,risk_category,heat_intensity
0,2870,-22.85560880686411,-45.95998999425435,123,3175,8.508458263138065,17,4,Reação tardia ou ineficiente do condutor,322.7937932268476,0.02754402335331559,baixo,0.016130646973773033
1,36,-23.186113301388886,-50.627503581111114,1,50,9.296296296296298,16,6,Reação tardia ou ineficiente do condutor,12.801276045531342,0.21835032058796428,baixo,0.12787281991578198
2,6634,-26.74097754245202,-48.939493124360865,304,7268,8.830562479403195,18,4,Reação tardia ou ineficiente do condutor,287.9967473703627,0.07998251669868325,baixo,0.046840279083086925
3,31,-16.466369557419355,-43.439319973548386,7,45,18.37227109807755,4,0,Velocidade Incompatível,9.157267551825392,0.36532672712139524,baixo,0.21394682939701257
4,157,-21.114496858598727,-42.36187095063694,8,214,10.193812556869881,18,4,Velocidade Incompatível,24.22158364183686,0.2671498668729986,baixo,0.15645137009732002
5,1549,-19.87143189210458,-44.268961452123946,73,1809,9.528407723760534,7,6,Ausência de reação do condutor,94.4995677397491,0.17343755569803634,baixo,0.10157049124859806
6,30,-6.813208944333334,-38.29908872866667,4,32,20.494444444444447,18,5,Acessar a via sem observar a presença dos outros veículos,12.009540465303735,0.20657022463735772,medio,0.12097402496999805
7,70,-25.341239397571428,-53.586452730714285,2,79,8.67687074829932,15,0,Reação tardia ou ineficiente do condutor,26.687354111579037,0.0981471404982753,baixo,0.05747805447864636
8,4878,-22.45427007607212,-43.51160572828464,279,5821,9.670249967670179,18,6,Ausência de reação do condutor,277.0421329876777,0.06355423465239268,baixo,0.03721936006646157
9,175,-11.902500011028572,-55.50001221485714,4,191,7.430544217687075,18,5,Reação tardia ou ineficiente do condutor,30.251480336674426,0.19101632485655287,baixo,0.11186517172763367
10,1085,-8.033370686617511,-35.03282220865438,79,1182,11.118232688970016,7,4,Ausência de reação do condutor,86.25340149228032,0.1458206079571732,baixo,0.08539713745831462
11,1218,-20.298169642963057,-40.48202062360197,71,1466,10.422523345806452,7,4,Reação tardia ou ineficiente do condutor,106.18814595678782,0.10800819258032221,baixo,0.06325299693658401
12,239,-25.062773501589955,-50.23400368154812,19,237,8.518644187054228,17,3,Ausência de reação do condutor,50.43229257920609,0.09393117608857215,baixo,0.05500905303050728
13,461,-20.059150076464206,-42.131392286399134,38,608,12.18994858758628,18,5,Acessar a via sem observar a presença dos outros veículos,75.80790463236684,0.08020406412592056,baixo,0.046970024229279685
14,40,-15.568863838497501,-47.323522830875,0,42,7.24047619047619,6,5,Ausência de reação do condutor,11.871292068593554,0.28183388530036135,baixo,0.1650507934411742
15,177,-26.959483750282487,-52.537918264293786,13,215,10.515774714927257,18,5,Acessar a via sem observar a presença dos outros veículos,31.036546059323197,0.18355908154746164,baixo,0.10749797534265089
16,899,-7.154442759121245,-34.917896995695216,50,1061,10.868343132581174,18,0,Ausência de reação do condutor,55.237197821693556,0.294546658015472,baixo,0.17249579325455763
17,48,-16.236381133958332,-42.4280427825,9,71,11.501554936395364,7,4,Reação tardia ou ineficiente do condutor,19.570246334161332,0.12500177685476416,baixo,0.07320497472987496
18,122,-24.833701820491804,-48.210285664836064,4,126,7.3723653395784545,10,4,Reação tardia ou ineficiente do condutor,20.945442076152926,0.2774546216259207,baixo,0.16248615880405728
19,128,-12.74027150921875,-60.136387683828126,3,153,7.811848958333333,11,4,Acessar a via sem observar a presença dos outros veículos,15.095884029594052,0.5592310564429317,baixo,0.32750330743403194
20,100,-25.355825199,-52.365820367999994,10,129,10.393690476190477,13,4,Ausência de reação do condutor,30.01694922308949,0.11086262600331312,baixo,0.06492464298719129
21,32,-13.12848512,-39.990061710937496,2,40,9.166666666666666,14,6,Velocidade Incompatível,11.237999255954362,0.25138926491325936,baixo,0.1472214655533963
22,80,-16.000451251125,-54.934785380375004,6,86,10.374305555555555,18,4,Reação tardia ou ineficiente do condutor,21.961104418332503,0.16553204544455064,baixo,0.09694077563259054
23,110,-24.560585959545456,-47.88301738145455,12,109,9.503354978354979,7,2,Ausência de reação do condutor,22.266569669018917,0.22141701361022703,baixo,0.12966877186820794
24,48,-21.836829379583335,-42.70242602166667,4,59,9.559027777777777,18,3,Ausência de reação do condutor,16.652653739510743,0.17246900513521618,baixo,0.10100327755564203
25,42,-19.733650989761905,-45.89492077738095,10,56,14.396187146187147,17,3,Velocidade Incompatível,13.52249496853157,0.2284373247675537,baixo,0.1337800870334721
26,15,-15.505489171333332,-41.240984131333335,3,17,13.196825396825398,14,0,Reação tardia ou ineficiente do condutor,6.758580138671798,0.3213477376158594,baixo,0.18819134898381165
27,83,-23.245686602409638,-50.01977223036144,9,90,11.008032128514056,17,3,Reação tardia ou ineficiente do condutor,22.236938627139708,0.1675138428647388,baixo,0.09810137857532444
28,70,-10.273805639428572,-48.29855730242857,5,83,12.477891156462585,19,5,Ausência de reação do condutor,9.422938783941166,0.7795814231975297,baixo,0.45654741733281246
29,29,-14.67393375689655,-40.504885004827585,2,27,8.114942528735632,9,5,Acessar a via sem observar a presença dos outros veículos,10.60729132626353,0.25547367932999854,baixo,0.14961342718535875
30,1101,-29.87212143758401,-51.11310363520436,38,1120,7.084090221011202,18,6,Ausência de reação do condutor,95.38310684930515,0.12100314479157635,baixo,0.07086324994399584
31,276,-7.241895761449275,-35.8676011482971,14,322,10.49537037037037,17,6,Acessar a via sem observar a presença dos outros veículos,30.09959934672869,0.3043046268221228,baixo,0.1782103669020646
32,249,-19.763245994297186,-47.935371352851405,9,260,9.307898259705489,18,1,Ausência de reação do condutor,35.18815486385968,0.20093507554711756,baixo,0.11767390430667816
33,819,-12.54890192493895,-38.694969706202684,56,938,9.315114883723906,7,0,Ausência de reação do condutor,62.25870084528219,0.2112378630341438,baixo,0.12370754092059069
34,10,-21.486973847999998,-54.299595427,0,5,2.5,1,6,Ausência de reação do condutor,4.95183838183062,0.3918387302664754,baixo,0.22947309285588266
35,43,-17.917219587906978,-39.8381982944186,10,52,15.472868217054264,9,5,Ingestão de álcool pelo condutor,13.474117857400389,0.23554951385389633,baixo,0.1379452088056588
36,16,-8.34927084,-36.455207335625,6,22,23.74404761904762,7,2,Transitar na contramão,7.04100571601698,0.31635707555722375,medio,0.18526866021025729
37,160,-25.4823084904375,-50.3877874220625,18,164,9.728025793650794,6,6,Reação tardia ou ineficiente do condutor,57.16556825460737,0.0489460958177131,baixo,0.02866437420025493
38,44,-13.83582971068182,-40.11841646204545,3,58,7.907617845117844,9,6,Reação tardia ou ineficiente do condutor,15.49418180295912,0.18251985016149194,baixo,0.10688936873510804
39,56,-27.39849551142857,-53.394547800178565,2,69,7.955357142857143,10,5,Acessar a via sem observar a presença dos outros veículos,15.862784945159657,0.2216698541816677,baixo,0.12981684326454102
40,46,-27.396948510869567,-51.217475245869565,4,54,8.365942028985506,14,6,Acessar a via sem observar a presença dos outros veículos,10.268590984337724,0.43215227667885453,baixo,0.2530819744305719
41,17,-19.519462003529412,-48.84382465294117,2,17,7.869747899159663,17,5,Reação tardia ou ineficiente do condutor,8.97603777475323,0.20841186033300163,baixo,0.12205254479550331
42,26,-28.22057831576923,-51.54796334307692,3,31,13.876068376068377,18,5,Acessar a via sem observar a presença dos outros veículos,9.358446221689913,0.29351827316827567,baixo,0.1718935387214956
43,309,-19.38126758751262,-40.09445029682428,19,398,10.307408049519701,7,5,Acessar a via sem observar a presença dos outros veículos,38.169320597591174,0.21194912439414765,baixo,0.12412407795866746
44,43,-11.267472724186046,-37.450498197209306,5,40,9.496124031007751,8,4,Acessar a via sem observar a presença dos outros veículos,9.5296904499618,0.4683330606789349,baixo,0.27427058026543366
45,29,-8.420935705517241,-37.06358357241379,7,33,14.355500821018062,20,6,Animais na Pista,10.437842413266297,0.26375972107459406,baixo,0.1544659940190972
46,298,-16.083482525704696,-47.9664310359396,16,295,8.866331096196868,7,5,Reação tardia ou ineficiente do condutor,28.051666515337335,0.3782225092658438,baixo,0.22149900529210542
47,426,-3.907871376455399,-38.50365502424883,25,478,10.109919618722436,7,2,Condutor deixou de manter distância do veículo da frente,43.34336335556082,0.22663828191701918,baixo,0.13272651091859528
48,199,-5.189716809346734,-37.33440139894473,15,227,11.597870303900454,18,1,Acessar a via sem observar a presença dos outros veículos,19.835880137684168,0.5044844090182187,baixo,0.29544194765089904
49,12,-9.8908242675,-36.14660915583333,3,8,15.972222222222223,20,6,Velocidade Incompatível,4.790244596753222,0.501118260081736,baixo,0.29347062489027526
50,20,-20.8370748325,-41.1755596995,0,23,14.5,18,4,Acessar a via sem observar a presença dos outros veículos,7.3808167745566005,0.3605132942598094,baixo,0.2111279316192174
51,29,-12.568839259655173,-39.487337753793106,1,43,7.467500077454534,8,1,Ausência de reação do condutor,11.618660623027688,0.21324583932338795,baixo,0.1248834750329761
52,36,-19.27435847611111,-48.123142236944446,5,30,14.356481481481483,10,6,Ausência de reação do condutor,12.991014093030767,0.21205603699146774,baixo,0.1241866893405378
53,389,-19.80984308059126,-43.49449802241645,38,562,12.262305157710044,18,6,Velocidade Incompatível,61.2767369256723,0.10357207883569487,baixo,0.06065506910911314
54,165,-31.722806119333335,-52.38089164648485,8,163,8.474314574314574,17,1,Acessar a via sem observar a presença dos outros veículos,22.70146959362792,0.3195465325859291,baixo,0.18713650662863
55,217,-8.775726467142857,-63.84034196175115,4,213,6.923963133640553,17,6,Ausência de reação do condutor,22.691432452746152,0.42062324960660297,baixo,0.24633021332188926
56,153,-29.13697347130719,-51.14041255647059,2,151,7.388888888888889,7,4,Reação tardia ou ineficiente do condutor,25.352004037047838,0.23767946226263448,baixo,0.13919257363007068
57,91,-17.873334264835165,-41.51965296395605,1,105,10.103087388801676,7,4,Ausência de reação do condutor,15.629529237411807,0.3710012624971807,baixo,0.21727001590875952
58,90,-16.36256323611111,-39.575849251222216,5,131,10.779232804232805,7,1,Acessar a via sem observar a presença dos outros veículos,13.115710800616181,0.5201654571252999,baixo,0.30462526295489334
59,115,-12.513489290608696,-55.69630120139131,8,115,8.838854382332643,6,5,Reação tardia ou ineficiente do condutor,36.22496729294534,0.08756912451954116,baixo,0.05128323539767317
60,24,-3.19484514625,-52.20952637583333,2,32,12.152777777777777,22,6,Reação tardia ou ineficiente do condutor,9.567817101462081,0.2593385541796676,baixo,0.1518768195372361
61,104,-10.439476243365384,-62.47556878355769,5,125,9.697115384615385,19,4,Acessar a via sem observar a presença dos outros veículos,13.204039756272362,0.5931107926972311,baixo,0.347344347287669
62,176,-10.890755486761364,-37.15510670255682,10,188,9.744047619047619,18,4,Condutor deixou de manter distância do veículo da frente,21.87136307357026,0.3671588716685534,baixo,0.2150197909072479
63,616,-23.418675945925322,-51.35828876337662,25,678,9.688946222428365,18,4,Ausência de reação do condutor,47.5519832792221,0.2723023692585712,baixo,0.1594688376599588
64,482,-5.123767372184233,-42.72424270281411,38,533,11.693275373773298,18,5,Ausência de reação do condutor,42.28513978207805,0.26941928265251225,baixo,0.15778041140354002
65,37,-21.800252151621624,-46.443023618648645,4,41,13.087837837837839,14,6,Reação tardia ou ineficiente do condutor,9.978611785465185,0.3678931013539486,baixo,0.21544977891956016
66,104,-25.337734299519234,-51.28683800346153,17,133,10.615560721329953,12,6,Reação tardia ou ineficiente do condutor,28.453981033411385,0.12829542897923285,baixo,0.07513384107567794
67,253,-9.379640373003951,-40.497136046917,14,257,9.472332015810277,17,5,Acessar a via sem observar a presença dos outros veículos,24.995321150930017,0.4043044330992928,baixo,0.2367734007701197
68,100,-5.363552336400001,-49.098990654299996,9,95,11.525952380952381,18,5,Ausência de reação do condutor,14.30589229547588,0.486242842202463,baixo,0.2847591120034326
69,31,-14.572027008709677,-56.243099043225804,2,27,6.853814644137225,17,0,Reação tardia ou ineficiente do condutor,12.204724494348206,0.20672827171514543,baixo,0.12106658231299505
70,13,-27.297176466923077,-50.4194826223077,8,12,21.14102564102564,18,0,Transitar na contramão,5.8159035586632,0.3732978957992886,medio,0.2186149966528328
71,89,-7.1914670492134825,-48.2290403411236,6,95,9.814874264312467,7,1,Acessar a via sem observar a presença dos outros veículos,14.01130342434416,0.45105170742380957,baixo,0.2641500759000489
72,16,-17.862850038125,-50.745720054375,0,16,4.270833333333333,20,3,Reação tardia ou ineficiente do condutor,6.722901701207673,0.3463397826982912,baixo,0.2028274771632775
73,13,-9.628631793846154,-54.87969379846153,1,12,11.487179487179487,13,2,Reação tardia ou ineficiente do condutor,3.3174031456123947,1.082867372748836,baixo,0.6341612147640714
74,369,-23.81732806325203,-46.97206799905149,17,323,7.938508194605756,19,5,Ausência de reação do condutor,59.878389772196,0.102888072038011,baixo,0.06025449320051875
75,317,-25.373626409369084,-54.28080916618296,20,375,9.479925699957246,8,5,Ausência de reação do condutor,63.82316659581655,0.07780293171315883,baixo,0.04556384551708799
76,46,-24.719048293695653,-53.74045818652174,7,41,10.952380952380953,17,6,Ingestão de álcool pelo condutor,15.383638303758937,0.1935568073926923,baixo,0.1133529582578672
77,233,-21.75078975918455,-41.354455771373395,20,295,11.08501941549152,17,5,Acessar a via sem observar a presença dos outros veículos,25.85516042256411,0.3480264626688242,baixo,0.20381525003920803
78,102,-29.4761043172549,-51.954538996372555,6,108,9.975256769374417,7,5,Ausência de reação do condutor,23.679633583101246,0.18158349999158474,baixo,0.10634101260569069
79,13,-20.115706784615384,-54.43783366461538,0,12,7.435897435897435,9,6,Reação tardia ou ineficiente do condutor,6.142839950569056,0.33561826847355447,baixo,0.19654862099309875
80,214,-20.48097811962617,-54.59423556719626,17,216,9.991766800178016,18,4,Ausência de reação do condutor,30.21277425414789,0.23418390617226123,baixo,0.13714546596727362
81,160,-2.6419551430625,-44.2940101385,3,164,7.546073717948718,17,1,Reação tardia ou ineficiente do condutor,22.970205232317202,0.30266897565222783,baixo,0.17725247809782646
82,38,-29.187320515526313,-52.19609324789474,7,62,12.464836333257386,14,6,Reação tardia ou ineficiente do condutor,11.68403895705318,0.2763299414945673,baixo,0.1618275107218738
83,32,-13.548309749375,-40.067194123125,3,32,11.536458333333334,15,4,Acessar a via sem observar a presença dos outros veículos,14.709662357245085,0.1472116051832441,baixo,0.08621174921301118
84,80,-24.031858390125002,-51.083484001375,6,90,10.594047619047618,10,0,Reação tardia ou ineficiente do condutor,28.38795109452622,0.09914785303717386,baixo,0.058064103237033635
85,17,-29.006905852894118,-52.33746397452353,3,33,13.764705882352942,15,6,Reação tardia ou ineficiente do condutor,7.826210348037833,0.2730942628799879,baixo,0.15993259548807284
86,83,-27.80177065746988,-50.33759664975903,4,98,6.66092943201377,18,5,Reação tardia ou ineficiente do condutor,14.518324057453706,0.39191293154939083,baixo,0.22951654746250844
87,10,-22.649771797,-54.807087624999994,1,12,9.166666666666666,2,0,Reação tardia ou ineficiente do condutor,4.514717363668037,0.46766838079678336,baixo,0.27388132280685457
88,30,-11.487449720999999,-37.773433231666665,1,27,8.71111111111111,14,0,Ausência de reação do condutor,10.551540619885992,0.26705832977673755,baixo,0.15639776309278583
89,10,-3.6907345730000003,-38.895406795999996,1,9,8.476190476190476,11,5,Ultrapassagem Indevida,5.004526272361845,0.38394667929234705,baixo,0.22485125941747316
90,40,-13.049291745249999,-55.9136341655,0,39,4.734523809523809,6,0,Acessar a via sem observar a presença dos outros veículos,10.982037610074356,0.328933437253889,baixo,0.19263377343795027
91,18,-18.90307469444444,-54.83505614277778,1,23,8.160934744268078,8,5,Acessar a via sem observar a presença dos outros veículos,6.930400081872234,0.367118835894065,baixo,0.2149963446976543
92,26,-26.397293807346156,-50.191637539615385,1,20,5.714285714285714,18,6,Acessar a via sem observar a presença dos outros veículos,8.017527897022438,0.3982797160624625,baixo,0.23324513685633358
93,205,-26.192696603658536,-49.69408154312195,11,240,6.754703832752614,18,4,Acessar a via sem observar a presença dos outros veículos,26.82680342397725,0.2844546049796628,baixo,0.16658556936776164
94,25,-27.5826530256,-50.3623789456,2,35,8.08,16,6,Acessar a via sem observar a presença dos outros veículos,8.887414405985176,0.3125541702333697,baixo,0.18304155916307538
95,358,-18.840941062969552,-48.24986938603994,23,361,9.844706038840117,17,5,Ausência de reação do condutor,45.816184537982146,0.17046622505164732,baixo,0.0998303865048412
96,32,-15.8030218446875,-55.558577698125,2,26,12.10619918699187,16,0,Reação tardia ou ineficiente do condutor,9.478250852031424,0.3522784298254628,baixo,0.20630533582907354
97,207,-14.866960576086957,-40.843356767391306,11,241,9.343110190936278,18,5,Acessar a via sem observar a presença dos outros veículos,21.6158189113046,0.4420775595709141,baixo,0.25889453247240096
98,20,-21.248906225,-41.784626514500005,0,21,7.241666666666667,12,1,Velocidade Incompatível,6.834888545951171,0.41914924015114596,baixo,0.24546698699300518
99,16,-21.999636395,-44.924412493125,1,16,10.0,12,2,Acessar a via sem observar a presença dos outros veículos,5.640738277994474,0.48753839192962,baixo,0.28551782669872866
100,202,-18.869880313168316,-41.97215779252475,4,298,10.557788968552028,18,0,Acessar a via sem observar a presença dos outros veículos,23.16720115679097,0.3756607471967836,baixo,0.2199987567976589
101,147,-29.699388163945574,-53.81777992496598,8,150,9.18804664723032,18,0,Acessar a via sem observar a presença dos outros veículos,17.395680796660333,0.4841742374325054,baixo,0.2835476719445702
102,20,-17.3823904535,-49.2360086875,1,19,11.383333333333333,15,2,Ausência de reação do condutor,7.08931648534334,0.39017988835135126,baixo,0.22850162282135178
103,15,-10.952733555333333,-38.78331062866666,3,20,13.655555555555557,10,0,Ingestão de álcool pelo condutor,6.847614294983761,0.3132189580139855,baixo,0.1834308798103911
104,77,-12.633136557662338,-39.071333514415585,13,83,12.257575757575758,8,0,Acessar a via sem observar a presença dos outros veículos,27.55661512491736,0.10126688327960306,baixo,0.05930507403962554
105,77,-24.303034274025975,-47.50714501324675,7,69,9.543599257884972,14,1,Reação tardia ou ineficiente do condutor,21.213810332228107,0.17072196033787587,baixo,0.09998015313725996
106,123,-16.476810571463414,-54.66349624065041,8,117,9.536391792489352,19,5,Ausência de reação do condutor,17.278231911393405,0.41063333624186565,baixo,0.24047980564113347
107,166,-18.596236155421686,-39.89492925259036,12,214,10.305403431909456,19,6,Acessar a via sem observar a presença dos outros veículos,41.1557078563012,0.0979471060037336,baixo,0.05736090798292061
108,42,-17.400058538095237,-41.51040809095238,8,54,13.806878306878307,11,6,Reação tardia ou ineficiente do condutor,16.659696647123365,0.15078326933964847,baixo,0.0883034281546391
109,32,-30.1316294725,-51.9672194728125,1,55,8.860164141414142,0,0,Acessar a via sem observar a presença dos outros veículos,9.3595545077367,0.36116867626185384,baixo,0.21151174394657193
110,232,-24.970017969482758,-53.46965189706897,20,296,9.892885453824812,19,4,Ausência de reação do condutor,22.990640792574776,0.4380916422468193,baixo,0.256560253837908
111,10,-27.459222558,-53.933191647,3,14,13.05,15,0,Acessar a via sem observar a presença dos outros veículos,3.948209372622925,0.602832447435945,baixo,0.3530376542740728
112,284,-16.762826393133803,-49.22862443422535,13,309,9.31385196702098,7,4,Ausência de reação do condutor,39.639262755581946,0.18063042095109966,baixo,0.10578285952315213
113,207,-15.669625427391304,-56.092324518550726,14,220,9.370945479641131,18,0,Ausência de reação do condutor,33.14682811300262,0.18823106388528116,baixo,0.11023403524183034
114,13,-17.735046596923077,-46.199232486153846,1,31,13.423076923076923,11,0,Acessar a via sem observar a presença dos outros veículos,6.14446913427546,0.3354449079200993,baixo,0.19644709559678705
115,28,-15.568882859285713,-54.32597122642857,1,29,8.47704081632653,6,4,Acessar a via sem observar a presença dos outros veículos,10.511012110881023,0.2511630292552098,baixo,0.14708897483168631
116,23,-16.567810098695652,-41.50378428391304,3,31,10.476190476190476,14,1,Acessar a via sem observar a presença dos outros veículos,8.720436978011241,0.2985228786038081,baixo,0.17482439317540316
117,25,-23.8737152212,-50.20687460400001,4,31,21.126666666666665,18,0,Velocidade Incompatível,11.358964579342992,0.19226912561353995,medio,0.11259885128055207
118,526,-16.225183079353613,-48.72488309418251,27,562,9.940340394713019,7,6,Reação tardia ou ineficiente do condutor,80.60156671932398,0.08095281079570966,baixo,0.0474085138445487
119,94,-26.7211369143617,-53.4800863287234,6,118,9.8096926713948,17,5,Ingestão de álcool pelo condutor,22.131567277887232,0.1915215956111552,baixo,0.11216107418400743
120,57,-28.85899726982456,-51.57903517035088,7,64,10.753132832080201,17,4,Acessar a via sem observar a presença dos outros veículos,15.549124865458166,0.23478502029407294,baixo,0.137497497315981
121,43,-3.695597943255814,-40.97147224511628,5,35,12.55232558139535,11,4,Ausência de reação do condutor,10.062426035751358,0.4205279538295041,baixo,0.2462744051155588
122,206,-20.794866697233008,-49.37533363121359,9,214,7.787833256279859,7,6,Ausência de reação do condutor,30.896614115002215,0.21557119647644973,baixo,0.12624527736819893
123,113,-18.603876898185842,-49.153318247393806,9,118,8.501685630004214,4,1,Reação tardia ou ineficiente do condutor,42.53633992225787,0.06241920669234591,baixo,0.03655465197011615
124,88,-10.135335424659091,-54.94891256829545,8,70,8.316107503607505,7,6,Reação tardia ou ineficiente do condutor,29.19029652875584,0.10315642103039603,baixo,0.060411646816256215
125,239,-15.639085419665271,-47.74126326535565,8,225,7.677525403466825,7,0,Ausência de reação do condutor,30.646830391366755,0.25419360606927854,baixo,0.1488637759959019
126,22,-28.816616515909093,-52.486227491818184,1,26,6.425324675324675,18,0,Acessar a via sem observar a presença dos outros veículos,7.233298635893319,0.41259843704388266,baixo,0.24163063051877062
127,13,-14.521295653076923,-49.15613520846154,3,19,9.961538461538462,7,3,Acessar a via sem observar a presença dos outros veículos,6.090481209345763,0.3412614371256962,baixo,0.19985343816426931
128,10,-22.241921303,-49.920528287,0,9,6.583333333333333,11,2,Acumulo de óleo sobre o pavimento,2.442698097921033,1.4353845845241335,baixo,0.840606388818196
129,15,-15.875288486666667,-50.872737058,2,16,7.174603174603175,0,0,Ausência de reação do condutor,3.7374073576410125,1.0021235829182402,baixo,0.5868751101752483
130,10,-11.339768049,-61.863818435,0,15,7.166666666666666,15,3,Ultrapassagem Indevida,5.652623492903642,0.30347031335066593,baixo,0.17772176667467937
131,41,-27.64987276707317,-52.26326066804878,1,40,6.036585365853658,17,4,Acessar a via sem observar a presença dos outros veículos,5.704532201679668,1.2223594841156793,baixo,0.7158521854411612
132,74,-27.132403248513512,-51.59815189351351,9,88,10.802123552123552,7,6,Ingestão de álcool pelo condutor,26.083556887058226,0.10860760154728434,baixo,0.06360402969294479
133,23,-19.417872589999998,-42.49345009521739,1,28,10.96790890269151,20,3,Ultrapassagem Indevida,9.758109543764292,0.23903379993556545,baixo,0.1399857163966557
134,13,-9.758899413076923,-63.09889202461538,0,12,5.282051282051283,7,6,Ausência de reação do condutor,6.50616062213159,0.30002220597526935,baixo,0.17570244647273472
135,152,-29.229693121776318,-51.518866062368424,5,178,8.328947368421053,18,5,Reação tardia ou ineficiente do condutor,28.084266151716943,0.19247181805291655,baixo,0.11271755435242713
136,32,-19.9539460225,-48.950015884375,6,42,12.1875,10,3,Acessar a via sem observar a presença dos outros veículos,12.813083679645375,0.19373378558592066,baixo,0.1134566022578887
137,29,-26.246869614827585,-51.14222969862069,6,36,16.551724137931036,17,6,Acessar a via sem observar a presença dos outros veículos,11.383491696353031,0.22207947327906996,baixo,0.13005672909999635
138,94,-26.411131066276596,-49.25413032925532,10,121,13.032928064842958,7,0,Reação tardia ou ineficiente do condutor,21.238552734835046,0.20792958391149496,baixo,0.12177010854429522
139,14,-6.265474204285715,-36.51967616642857,0,18,7.023809523809524,10,0,Acessar a via sem observar a presença dos outros veículos,4.015719431748943,0.8174703907363418,baixo,0.47873638920992767
140,58,-32.08463268413793,-52.17724801637931,0,51,5.442939244663383,17,3,Reação tardia ou ineficiente do condutor,13.84984839655194,0.300801323407952,baixo,0.17615872216261877
141,18,-13.137839873333334,-60.54214214388888,0,20,9.037037037037036,18,0,Acessar a via sem observar a presença dos outros veículos,5.526147663600247,0.5707344858211423,baixo,0.3342400777274433
142,48,-17.616954350416666,-49.183735247708334,3,60,10.526643990929704,9,4,Reação tardia ou ineficiente do condutor,18.087326114544872,0.14627396066916937,baixo,0.08566263507491219
143,20,-10.671763832,-37.032541734,0,38,5.159798534798535,8,5,Acessar a via sem observar a presença dos outros veículos,5.365758442003491,0.6713354994300553,baixo,0.39315519753087513
144,59,-26.895121336779663,-52.00777673559322,4,75,11.189870863599678,13,4,Ausência de reação do condutor,19.260523455599806,0.1586158956352653,baixo,0.09289046063102849
145,12,-28.72341538666667,-52.560907405833326,3,19,16.527777777777775,0,2,Condutor Dormindo,4.809023738424202,0.49737408622402485,baixo,0.2912779188381328
146,13,-13.50399930076923,-56.04676327846153,3,16,12.784493284493285,3,0,Ultrapassagem Indevida,5.615340324640432,0.3996059644009391,baixo,0.23402182962460136
147,650,-5.839189691461539,-35.27766025866154,16,753,9.071904761904761,7,0,Ausência de reação do condutor,33.03404947671752,0.5951027121884254,baixo,0.34851087803375785
148,52,-7.987393057692308,-38.29169466692308,5,76,15.400122549019606,19,6,Acessar a via sem observar a presença dos outros veículos,12.954627682149383,0.30801603731701754,baixo,0.18038388569777447
149,41,-29.7675817997561,-57.04661912609756,0,42,6.089430894308943,18,1,Acessar a via sem observar a presença dos outros veículos,9.149773491676973,0.4839565171524446,baixo,0.28342016809621645
150,27,-29.564014567037038,-50.04519922296296,1,32,8.287037037037036,8,6,Ausência de reação do condutor,10.639706161774285,0.23642039099442794,baixo,0.13845522186842923
151,157,-3.7545952350318474,-38.64506857324841,7,181,10.098877767667576,18,1,Ausência de reação do condutor,22.21874190746682,0.31738170719966285,baixo,0.18586871674848823
152,13,-20.999260253076923,-54.50475581230769,0,15,6.153846153846154,18,2,Acessar a via sem observar a presença dos outros veículos,5.463028456359175,0.42146652310313554,baixo,0.24682406082195932
153,31,-9.416591008064517,-36.66640692935484,1,52,12.760752688172042,18,0,Acessar a via sem observar a presença dos outros veículos,9.876400139261454,0.31458258839137615,baixo,0.18422946467717868
154,37,-18.940868607027028,-39.97633295162162,2,45,12.094594594594595,19,4,Acessar a via sem observar a presença dos outros veículos,9.425256005800858,0.41186413248725984,baixo,0.24120059865951105
155,72,-17.801961640416668,-50.92902959027778,1,67,7.026895943562611,12,4,Reação tardia ou ineficiente do condutor,12.882817417250017,0.43122297602616133,baixo,0.25253774672030577
156,10,-30.996125065,-52.034239406,1,9,9.2,19,0,Acessar a via sem observar a presença dos outros veículos,4.7700774303146725,0.42098813280787073,baixo,0.2465439004085872
157,15,-27.296366475333336,-50.096000552666666,3,17,14.933333333333334,7,5,Velocidade Incompatível,7.3739120647200265,0.27088241993781415,baixo,0.1586372706473995
158,50,-17.2191198314,-46.8659126578,4,56,9.4,18,0,Acessar a via sem observar a presença dos outros veículos,12.465168323863384,0.319733119855025,baixo,0.18724577800590772
159,15,-28.652784569333335,-53.582390646,2,12,11.633333333333333,16,0,Desrespeitar a preferência no cruzamento,7.5625143867330245,0.2577690569141516,baixo,0.15095767254147618
160,148,-9.51807387,-35.89095166013514,18,169,14.09041184041184,15,5,Velocidade Incompatível,25.933228136084942,0.2197370419545712,baixo,0.1286849275926015
161,79,-28.507953398987343,-50.94120268189874,2,96,5.991561181434599,18,1,Acessar a via sem observar a presença dos outros veículos,13.715860041060948,0.417713557600047,baixo,0.2446262061055828
162,21,-29.978864528571428,-52.37294627761904,1,27,8.777777777777779,18,3,Acessar a via sem observar a presença dos outros veículos,5.921717864336798,0.5822538595076086,baixo,0.34098618550958726
163,45,-24.053283613333335,-52.424729035111106,8,62,12.174074074074074,19,2,Reação tardia ou ineficiente do condutor,10.12763769158156,0.43449275705798096,baixo,0.2544526334029542
164,35,-18.181693684285715,-47.94032947885714,2,27,8.95374149659864,19,6,Acessar a via sem observar a presença dos outros veículos,10.314458511326947,0.32592079446318833,baixo,0.19086947500225984
165,12,-18.898900083333334,-46.95013871,4,12,14.083333333333334,20,3,Reação tardia ou ineficiente do condutor,5.543720777962265,0.37815713865490636,baixo,0.2214607222049193
166,27,-10.200268292592591,-48.878554899259264,2,28,12.086419753086421,12,3,Acessar a via sem observar a presença dos outros veículos,5.997797188528238,0.7302513440269967,baixo,0.4276581703959681
167,129,-10.881135412790698,-61.95302705031008,2,146,7.108711701734958,17,4,Reação tardia ou ineficiente do condutor,14.646491608245007,0.5985531260740334,baixo,0.35053154900067557
168,33,-9.793403894545454,-36.10397866424242,1,25,6.767676767676767,6,2,Acessar a via sem observar a presença dos outros veículos,6.272767792343216,0.8178921942418944,baixo,0.478983410618278
169,27,-20.271291385555557,-41.797284269629635,3,40,17.530864197530864,16,0,Transitar na contramão,9.843866179205321,0.27578683134773346,baixo,0.16150944832648317
170,35,-24.450125210285716,-50.75424161685714,5,35,14.019047619047619,6,4,Velocidade Incompatível,11.517585096024291,0.26186870046735305,baixo,0.15335855283506036
171,14,-10.432359956428572,-40.179609608571425,0,25,7.773809523809524,6,2,Ingestão de álcool pelo condutor,5.8654914824544075,0.3954356520045214,baixo,0.23157956343225639
172,82,-6.781815736435367,-43.003479482217074,3,89,12.932926829268293,18,5,Ausência de reação do condutor,10.100780750263185,0.7959173573300695,baixo,0.46611425450466265
173,17,-6.7582287570588235,-37.79109363529412,2,23,16.549019607843135,19,3,Acessar a via sem observar a presença dos outros veículos,6.826571347678425,0.35712727885373174,baixo,0.2091449744287378
174,37,-1.337422283783784,-47.57876689567568,5,47,14.036913536913534,16,4,Ausência de reação do condutor,10.931077648926436,0.3070833542074794,baixo,0.1798376771143233
175,34,-14.245772263529412,-56.121521861764705,0,48,7.072192513368983,11,0,Ausência de reação do condutor,14.825519937472771,0.1539882680046735,baixo,0.09018037624438537
176,14,-17.318793045714283,-53.212453450714285,0,16,5.547619047619048,16,6,Acessar a via sem observar a presença dos outros veículos,3.724687829714112,0.9412840820559153,baixo,0.5512455836575623
177,36,-9.91099387,-36.43261838777778,9,44,18.347533457827573,18,0,Velocidade Incompatível,13.522399427332466,0.1958061730500247,baixo,0.11467025758149672
178,14,-20.815180255714285,-42.31436039571429,1,19,11.448979591836734,8,0,Velocidade Incompatível,5.639301617699846,0.4268068513637673,baixo,0.24995152512851077
179,116,-26.854425542131033,-53.04183620689396,13,154,10.970422824302133,18,5,Velocidade Incompatível,29.039486528849515,0.13739326029459512,baixo,0.08046181743165864
180,40,-26.19523757975,-50.383582811500006,3,49,9.1125,19,5,Reação tardia ou ineficiente do condutor,13.19647363261078,0.2283796988079463,baixo,0.13374633945785366
181,20,-19.344900107500003,-48.9018400485,1,30,7.833333333333333,5,2,Acessar a via sem observar a presença dos outros veículos,8.427065298058094,0.2777182629941867,baixo,0.16264055548694675
182,15,-24.590210555333332,-53.180427636666664,3,30,13.716666666666667,16,1,Desrespeitar a preferência no cruzamento,6.067912686525716,0.39662011578808937,baixo,0.23227322270275852
183,13,-26.028358634615383,-50.673272393846155,0,12,4.717948717948717,7,4,Ausência de reação do condutor,3.9057323882872725,0.7997664441356188,baixo,0.4683684008810035
184,15,-19.667010203333334,-46.07729071866667,1,19,12.355555555555556,12,1,Velocidade Incompatível,5.719449987502225,0.4449439924971168,baixo,0.26057320580975163
185,65,-20.240071886098463,-41.488931825269226,3,87,10.956043956043956,12,1,Ausência de reação do condutor,17.540530439667233,0.21058073728291785,baixo,0.12332270739883414
186,93,-16.79087057752688,-49.477685906666665,12,87,16.43548387096774,6,2,Ausência de reação do condutor,33.03303250865019,0.0851507028993684,baixo,0.04986693158147519
187,27,-6.315959707037036,-35.181240001111114,4,33,16.92151675485009,10,5,Acessar a via sem observar a presença dos outros veículos,11.564501277073711,0.20038936427212656,baixo,0.11735431860877293
188,58,-25.208905375517244,-50.68602391551725,10,52,12.681034482758621,18,6,Ausência de reação do condutor,18.296735984495896,0.17273700864966715,baixo,0.10116022884862802
189,45,-16.755252481777777,-47.63234667244445,1,55,9.274074074074074,15,5,Reação tardia ou ineficiente do condutor,12.86438815583435,0.27028247336328104,baixo,0.15828592305112493
190,108,-1.303008675925926,-48.04747841175926,16,115,12.12852733686067,17,4,Ausência de reação do condutor,28.517414734694782,0.132638545913718,baixo,0.07767730704422396
191,29,-12.877075137586207,-39.859450684827586,3,40,7.616536269680286,11,5,Acessar a via sem observar a presença dos outros veículos,11.705182263754462,0.2101277338683452,baixo,0.1230574143418013
192,22,-24.788671834545458,-53.294709929545455,5,29,12.927685950413222,18,6,Ingestão de álcool pelo condutor,6.622668544258152,0.4904174804286131,baixo,0.28720391153781655
193,192,-23.426242910052082,-45.05202248213541,7,226,8.28298611111111,17,4,Acessar a via sem observar a presença dos outros veículos,20.348357187025513,0.4625885818645878,baixo,0.2709064326747224
194,131,-15.881496565267177,-52.29101430198473,2,146,9.24936386768448,18,4,Ausência de reação do condutor,17.27395758008916,0.43755693389136935,baixo,0.2562471117959829
195,77,-5.513163657532467,-47.464866215844154,5,74,11.311688311688311,8,5,Acessar a via sem observar a presença dos outros veículos,13.76435930806231,0.40428948590391867,baixo,0.2367646472220728
196,31,-20.30415482935484,-42.48903154451613,6,40,13.79737466834241,7,5,Ausência de reação do condutor,10.936780182673786,0.25702004494040526,baixo,0.15051902755585986
197,54,-11.451706317407409,-61.445418716481484,2,58,8.811728395061728,7,5,Reação tardia ou ineficiente do condutor,14.069330934501817,0.27143033888915363,baixo,0.158958149230057
198,33,-8.063678751515152,-39.131949834848484,3,44,14.230540701128938,19,6,Acessar a via sem observar a presença dos outros veículos,8.132292564476835,0.49155286983119495,baixo,0.2878688313062862
199,14,-19.78758572785714,-45.24034803428572,5,19,15.78231292517007,5,0,Transitar na contramão,4.3145856723055696,0.713715851372154,baixo,0.4179744654727156
200,23,-26.964181802608692,-50.41787723478261,1,30,8.532608695652174,17,3,Acessar a via sem observar a presença dos outros veículos,7.1894621831070085,0.4365290012875101,baixo,0.25564512211085255
201,56,-21.56590350517857,-42.67256014535714,4,57,8.785714285714286,11,5,Velocidade Incompatível,13.326669361154346,0.31354962791848,baixo,0.18362453051369731
202,28,-9.208383758928573,-35.77095783321429,0,35,8.636904761904763,8,2,Velocidade Incompatível,7.829928711386416,0.44938205743830517,baixo,0.263172276319339
203,20,-26.4274899505,-53.517820055499996,1,22,11.633333333333333,17,1,Acessar a via sem observar a presença dos outros veículos,6.982714969144152,0.4019429250531364,baixo,0.235390427334117
204,32,-3.683880093125,-45.3594910796875,2,27,11.145833333333334,14,4,Ingestão de álcool pelo condutor,11.904984498313935,0.22420164890558375,baixo,0.13129954193850343
205,73,-14.803405248082191,-39.26656245616438,5,96,8.91095890410959,8,4,Velocidade Incompatível,15.795556697510241,0.29141761776236724,baixo,0.17066332880148483
206,13,-11.38262636923077,-37.664174987692306,4,9,18.525641025641026,12,1,Acessar a via sem observar a presença dos outros veículos,4.8878058091819625,0.5222845640144216,baixo,0.3058662786442007
207,53,-29.36698877528302,-49.82951770433962,4,51,8.621161672216056,10,3,Ausência de reação do condutor,16.809234439935924,0.18691564891964552,baixo,0.10946368683765895
208,62,-8.883697461129032,-36.49385864080645,11,60,16.43548387096774,18,5,Ausência de reação do condutor,10.28393883398128,0.580745125915981,baixo,0.34010262363368265
209,19,-23.472679706315787,-54.19285956473684,1,22,14.3859649122807,15,2,Ausência de reação do condutor,6.650914691631064,0.4200318379966342,baixo,0.24598386406948605
210,16,-26.765728065,-50.327524005625,1,16,7.21875,14,4,Velocidade Incompatível,8.060928126122798,0.24250301087614967,baixo,0.14201739551057058
211,43,-17.545858257674418,-39.721268349999995,5,44,10.50110741971207,19,1,Acessar a via sem observar a presença dos outros veículos,9.187692268782689,0.5034321827066882,baixo,0.2948257308059562
212,13,-14.290008761538463,-49.14817165615385,7,21,11.725838264299803,6,0,Ingestão de álcool pelo condutor,5.4415266375685984,0.4246948677589461,baixo,0.24871468105868222
213,280,-23.409477336035714,-51.94773236339286,14,296,8.666581632653061,7,3,Reação tardia ou ineficiente do condutor,22.4257401562417,0.5556505656777035,baixo,0.32540645935247536
214,26,-15.297793586153846,-49.558468305384615,5,28,12.455128205128204,13,5,Ingestão de álcool pelo condutor,11.136206941648226,0.20797486823836728,baixo,0.12179662847135353
215,18,-29.703069645000003,-51.67796293333333,1,24,6.925925925925926,12,0,Manobra de mudança de faixa,9.328178566444608,0.20451079143628184,baixo,0.11976795607053121
216,51,-15.240840022549019,-59.319517002156864,2,51,9.599906629318394,19,3,Acessar a via sem observar a presença dos outros veículos,12.48961937631218,0.3248602307732458,baixo,0.190248375526115
217,18,-10.92601296888889,-55.21028233333333,1,16,9.842592592592592,18,6,Ausência de reação do condutor,7.775017536001667,0.29291679500321877,baixo,0.17154129417760625
218,12,-10.236003587499999,-40.20149188916667,4,14,17.341269841269842,19,2,Transitar na contramão,6.616205908031112,0.2680116047800764,baixo,0.15695603093733915
219,42,-9.914397874761905,-63.05663283761905,3,51,11.605725623582767,17,0,Acessar a via sem observar a presença dos outros veículos,10.141248866588834,0.4044492165068479,baixo,0.23685819049037857
220,40,-19.59213020025,-42.76285977875,6,42,12.150595238095239,11,5,Ausência de reação do condutor,18.376669629705944,0.11809791962592558,baixo,0.06916185865030916
221,23,-22.993912937391304,-49.90917908608696,0,20,7.101449275362319,6,3,Ingestão de álcool pelo condutor,8.446945872823182,0.31789517094464614,baixo,0.18616941727788855
222,28,-19.23035085142857,-42.31561855464286,3,45,12.321428571428571,12,0,Ausência de reação do condutor,10.982544502682188,0.23023232692076417,baixo,0.13483129678882236
223,12,-23.770850683333332,-54.2773001575,0,13,10.452380952380953,5,6,Acessar a via sem observar a presença dos outros veículos,5.974131927154911,0.32706234635358905,baixo,0.1915380037175494
224,309,-15.781016817637541,-48.18706735860842,15,330,8.670442286947141,7,5,Manobra de mudança de faixa,17.12928434603498,1.0495482482201064,baixo,0.6146484867811631
225,55,-8.360191729090909,-35.19187000872727,6,50,14.251515151515152,12,5,Ausência de reação do condutor,19.927159954209884,0.138159121301391,baixo,0.08091032974132148
226,47,-4.939620380638298,-47.468828404468084,8,51,16.365248226950353,10,5,Reação tardia ou ineficiente do condutor,10.835045969110666,0.3969654234869541,baixo,0.23247544575914592
227,63,-22.15359233126984,-46.07495671587302,6,87,12.5002405002405,14,6,Velocidade Incompatível,17.3790253735157,0.20789984913125867,baixo,0.12175269492114069
228,18,-21.107876519444446,-41.254042845,1,26,12.916666666666666,18,6,Acessar a via sem observar a presença dos outros veículos,8.756460185942586,0.23173301733680104,baixo,0.13571014832795675
229,10,-22.270333556,-43.458237966,5,10,29.166666666666668,4,6,Condutor Dormindo,5.129390902741689,0.36615751077737013,medio,0.214433362453357
230,25,-30.0192318632,-52.910340154400004,1,31,11.666666666666668,0,2,Acessar a via sem observar a presença dos outros veículos,9.050669822696138,0.30151496469185535,baixo,0.17657665295903488
231,11,-7.480891430909091,-38.98181821090909,4,9,18.636363636363637,19,5,Ingestão de álcool pelo condutor,5.7368019098884995,0.32437951360154305,baixo,0.18996685242066666
232,29,-28.39765086137931,-53.896479272068966,1,44,8.007389162561577,7,5,Acessar a via sem observar a presença dos outros veículos,8.558884769317157,0.3905486762755673,baixo,0.22871759663670227
233,10,-18.428760029,-48.063605417000005,1,14,15.333333333333334,11,2,Velocidade Incompatível,2.500656813670822,1.378685752686692,baixo,0.8074017684015131
234,116,-9.994362352241378,-67.81438543956897,3,137,9.023227969348659,7,0,Ausência de reação do condutor,17.712636670980324,0.36856110503759887,baixo,0.21584098290090756
235,13,-25.883337046153848,-49.502020114615384,1,10,5.756410256410256,15,0,Acessar a via sem observar a presença dos outros veículos,5.394425484124054,0.43189618002456825,baixo,0.2529319961696451
236,189,-8.312283321269842,-35.99829601899471,21,183,12.567019400352732,17,1,Ausência de reação do condutor,27.09981869220227,0.2570029310577671,baixo,0.1505090051275586
237,25,-11.7588605252,-37.9397324376,5,34,11.876666666666665,3,4,Ausência de reação do condutor,11.426886700247437,0.19000752022817868,baixo,0.11127438398696567
238,75,-7.078368221600001,-41.45889435106667,5,79,13.173333333333334,11,6,Ausência de reação do condutor,14.279227820119694,0.36603873640150575,baixo,0.21436380444064324
239,14,-5.547104750714285,-49.07771434928571,1,14,7.598639455782313,19,6,Demais falhas mecânicas ou elétricas,7.972039463982091,0.21687466708087946,baixo,0.1270086307785211
240,23,-4.3821517821739135,-55.920195978260864,3,13,12.847826086956522,12,1,Ingestão de álcool pelo condutor,8.602407115208665,0.30666090890042036,baixo,0.1795902798468113
241,10,-15.73809018,-55.67000141999999,1,7,17.333333333333332,13,4,Reação tardia ou ineficiente do condutor,4.978130498953997,0.38787076508103413,baixo,0.22714932755879616
242,18,3.8291508805555554,-51.808560902222226,0,26,10.222222222222221,20,6,Acessar a via sem observar a presença dos outros veículos,6.145058319859182,0.4643754172353203,baixo,0.27195285970521893
243,12,-3.7908931283333334,-40.23547667083333,1,17,10.507936507936508,7,1,Velocidade Incompatível,6.8702913283361315,0.248957991842619,baixo,0.14579763552332844
244,15,-18.755086833333333,-46.65572701666667,4,21,15.566666666666666,18,6,Reação tardia ou ineficiente do condutor,6.006499206730471,0.4045522078555527,baixo,0.2369185054656456
245,23,-17.731593237391305,-39.77335114130435,5,34,15.434782608695652,12,4,Reação tardia ou ineficiente do condutor,9.370141368159345,0.25901032372181226,baixo,0.15168459745065893
246,21,-17.91502944952381,-51.72847623142857,6,21,13.815192743764172,20,0,Reação tardia ou ineficiente do condutor,8.876628450048718,0.263175925782872,baixo,0.15412410512236907
247,58,-22.229822576724136,-44.914573016724134,0,68,7.962643678160919,19,6,Velocidade Incompatível,17.72407202280478,0.18404359247392274,baixo,0.10778172019028727
248,10,-18.579407009,-41.917588787,2,8,13.333333333333332,16,6,Ingestão de álcool pelo condutor,3.9889268272324934,0.5913123013133172,baixo,0.3462910941290016
249,16,-27.862027376875,-53.333012684375,1,16,7.479166666666666,9,0,Transitar na contramão,6.715534459271664,0.34708360665839183,baixo,0.20326308388481962
250,33,-6.892234953636363,-38.57286410939394,3,38,18.71212121212121,18,4,Animais na Pista,8.76437636077793,0.42408661353274346,baixo,0.24835846824012175
251,18,-22.032698299444444,-42.77981579611111,2,25,11.5,17,4,Velocidade Incompatível,7.502431900245418,0.31421023969138434,baixo,0.1840114055594649
252,21,-25.452115645714283,-51.958374508571424,2,17,10.492063492063492,20,4,Acessar a via sem observar a presença dos outros veículos,6.5233734216916845,0.48215564018418194,baixo,0.28236551786427255
253,12,-4.373773329166666,-44.33869295583333,3,17,23.273809523809522,15,1,Ausência de reação do condutor,4.861717155915175,0.48708625348110846,medio,0.2852530401930444
254,25,-16.5388058232,-39.565738247999995,5,30,16.239047619047618,7,0,Reação tardia ou ineficiente do condutor,9.51991124693752,0.27284024798768824,baixo,0.1597838363724851
255,19,-29.16001062526316,-54.877073998421054,0,22,5.5438596491228065,16,4,Acessar a via sem observar a presença dos outros veículos,7.096286908305143,0.3699572306573389,baixo,0.21665859800434362
256,22,-8.566423732272726,-35.45839460909091,4,20,20.454545454545453,8,6,Ausência de reação do condutor,8.427588880188496,0.3054526590187054,medio,0.1788826906886101
257,24,-5.489436831666667,-45.25460402416667,3,23,15.798611111111112,7,5,Ausência de reação do condutor,7.318876137797687,0.43983474886205803,baixo,0.25758107193290425
258,37,-12.981218072972974,-39.27723029810811,3,40,14.369369369369368,17,4,Acessar a via sem observar a presença dos outros veículos,9.38316075236118,0.4155262823710997,baixo,0.24334526889099897
259,12,-14.469436895000001,-40.34798432416667,2,14,12.291666666666666,4,4,Condutor Dormindo,6.28042487573165,0.2967084894463535,baixo,0.1737618297801968
260,35,-28.234566581714283,-52.38842602342857,0,39,5.747619047619048,15,3,Acessar a via sem observar a presença dos outros veículos,8.030380650957039,0.5344571111620235,baixo,0.3129949053626332
261,20,-10.731558124,-62.2199716395,3,19,11.829761904761906,9,6,Acessar a via sem observar a presença dos outros veículos,6.726040420296809,0.43252950855605116,baixo,0.2533028932905459
262,11,-27.453892356363635,-50.39247034636364,2,13,11.590909090909092,20,5,Reação tardia ou ineficiente do condutor,4.605718188172768,0.4952135354332238,baixo,0.29001263229563057
263,12,-4.9369753325,-38.00017700916667,1,22,12.708333333333334,18,2,Ingestão de álcool pelo condutor,4.959211955433739,0.4688638603116141,baixo,0.27458143323628426
264,29,-11.663656352413794,-61.190857221034484,1,33,11.082101806239738,6,6,Acessar a via sem observar a presença dos outros veículos,7.126279470560376,0.5600200623939825,baixo,0.32796537415149557
265,20,-23.1139849945,-50.3490439225,4,40,15.663888888888888,11,4,Condutor desrespeitou a iluminação vermelha do semáforo,9.180945965803831,0.23449471460715676,baixo,0.13732748516887902
266,17,-19.69260905117647,-51.180580142352945,0,11,4.852941176470588,14,5,Ingestão de álcool pelo condutor,4.176392610687109,0.9217961567095618,baixo,0.5398328412277084
267,10,-15.146144962,-49.525384524,1,9,10.7,14,5,Reação tardia ou ineficiente do condutor,4.15057062913175,0.548629517918904,baixo,0.3212947128102055
268,13,-21.61646337923077,-42.81318042461539,1,21,12.76923076923077,16,5,Condutor Dormindo,5.008181702221604,0.4984302521515486,baixo,0.29189644284619365
269,8,-18.8903350575,-48.69175530125,0,9,3.3854166666666665,14,0,Ausência de reação do condutor,2.843506542229229,0.8805210570288398,baixo,0.515660843795936
270,34,-25.104072056764704,-52.90547495735294,6,50,12.592086834733893,19,0,Acessar a via sem observar a presença dos outros veículos,13.743024490425757,0.1790692088595674,baixo,0.10486856458603788
271,52,0.08726593288461539,-51.086572714807694,2,65,10.197115384615385,19,4,Acessar a via sem observar a presença dos outros veículos,6.348636218702193,1.258921948453803,baixo,0.7372643152946761
272,18,-8.015364209444446,-36.06792806611111,1,21,10.222222222222221,18,2,Acessar a via sem observar a presença dos outros veículos,6.897995428947343,0.3705049952832326,baixo,0.21697938620916296
273,19,-18.01903484368421,-49.26287540368421,2,25,9.394736842105264,2,0,Velocidade Incompatível,7.38470874376494,0.3421332204682858,baixo,0.20036398192748597
274,38,-23.95493272605263,-54.30968338078948,2,37,10.030701754385966,15,1,Ausência de reação do condutor,10.002162029196406,0.3760765987163222,baixo,0.22024229253567143
275,10,-5.113487880999999,-39.724632057,0,13,16.0,17,2,Manobra de mudança de faixa,2.203704774198246,1.7075585001704936,baixo,1.0
276,25,-18.2106896848,-45.23283404439999,0,29,6.233333333333333,18,2,Acessar a via sem observar a presença dos outros veículos,7.2457057465784835,0.4672875206147639,baixo,0.273658279097382
277,26,-24.6395868,-50.62901824923077,1,30,10.0,13,2,Reação tardia ou ineficiente do condutor,10.483916553506159,0.23441901068818968,baixo,0.13728315057128865
278,34,-23.193448545882354,-52.21879586235294,2,51,10.397058823529411,15,6,Reação tardia ou ineficiente do condutor,13.299888371201561,0.1911325399541626,baixo,0.11193323094645291
279,47,-26.218020266170214,-52.68514377914894,4,50,9.613475177304965,18,5,Acessar a via sem observar a presença dos outros veículos,8.599453207645727,0.6270797410609785,baixo,0.3672376325603878
280,21,-25.20723784666667,-50.97307132380952,4,18,11.370748299319727,22,6,Ausência de reação do condutor,7.693518369586452,0.34889386164922004,baixo,0.20432322618193416
281,13,-31.33152549076923,-53.976785612307694,0,13,5.461538461538462,8,2,Animais na Pista,3.858055823688335,0.8184030007596923,baixo,0.4792825549918071
282,26,-4.578148655384616,-37.74880254192308,3,33,12.5,17,2,Acessar a via sem observar a presença dos outros veículos,7.4042717160859395,0.4657558422809173,baixo,0.2727612800582898
283,42,-16.656866514761905,-43.738753901428574,6,55,12.872448979591836,14,4,Velocidade Incompatível,9.733393999375162,0.438692884794763,baixo,0.2569123603970002
284,30,-4.295267683333333,-47.554695714,3,40,14.68888888888889,18,1,Acessar a via sem observar a presença dos outros veículos,9.27850727050652,0.34446847912859324,baixo,0.20173158289698379
285,84,-2.9246915460714282,-41.739552890357146,4,102,9.842261904761905,18,1,Acessar a via sem observar a presença dos outros veículos,10.742290224629091,0.7216693287676457,baixo,0.4226322721567604
286,41,-4.836011614878049,-42.17614394804878,6,42,15.497967479674795,18,4,Acessar a via sem observar a presença dos outros veículos,9.665885806707879,0.4341870475906536,baixo,0.2542736003172375
287,32,-20.275018571875,-49.1808661284375,2,47,12.828125,8,1,Ausência de reação do condutor,13.27365054695349,0.18059730418464454,baixo,0.10576346530242597
288,24,-16.07766476625,-57.69885925666667,2,24,10.373677248677248,10,4,Acessar a via sem observar a presença dos outros veículos,8.242612227411618,0.34812549338963245,baixo,0.2038732455461253
289,12,-27.322471199166667,-50.7837928625,4,10,15.25,21,5,Velocidade Incompatível,6.509125173895579,0.2766971822197415,baixo,0.16204257844877015
290,23,-28.415657554347828,-54.97987227130435,1,30,8.91304347826087,17,1,Acessar a via sem observar a presença dos outros veículos,5.642275639366473,0.7004662037053829,baixo,0.4102150547904765
291,49,-19.51506632734694,-40.66494522632653,0,70,10.608843537414966,7,5,Reação tardia ou ineficiente do condutor,12.68574206031836,0.30260352983624994,baixo,0.1772141509682017
292,13,-15.299501196153845,-56.438530690769234,1,17,8.102564102564102,18,3,Manobra de mudança de faixa,5.35411532341425,0.4382039572240629,baixo,0.25662602902349163
293,14,-14.571292918571428,-39.335396225000004,2,15,11.8001443001443,23,2,Velocidade Incompatível,7.530661468991391,0.2425886475418096,baixo,0.14206754703723942
294,45,-26.252585737777775,-53.61612427688889,3,49,11.933333333333334,19,5,Acessar a via sem observar a presença dos outros veículos,12.575162577236036,0.28277928123298635,baixo,0.16560444705393804
295,12,-11.372006048333333,-40.0096958125,0,15,10.972222222222221,19,5,Ausência de reação do condutor,4.6684637727324505,0.5264415351760484,baixo,0.308300731789561
296,72,-10.70834617975,-37.41153260495833,5,80,11.5625,7,5,Ausência de reação do condutor,14.43200450416901,0.3440321699757724,baixo,0.20147606652505434
297,24,-23.031203154583334,-50.07488974583333,4,36,9.024305555555555,15,5,Reação tardia ou ineficiente do condutor,11.633996783883386,0.17601775516425314,baixo,0.10308153726310308
298,25,-9.420658723999999,-38.1819493,5,33,17.472380952380952,19,0,Ausência de reação do condutor,8.021459685822078,0.3825916777593201,baixo,0.22405772787352218
299,10,-13.362388608,-44.644996672000005,1,18,11.583333333333332,14,5,Reação tardia ou ineficiente do condutor,4.8600506231260505,0.4061723236409726,baixo,0.23786729625978714
300,38,-3.7172088999999997,-40.344718611842104,3,52,13.163533834586467,18,6,Ausência de reação do condutor,8.039668898982313,0.5789481413746373,baixo,0.3390502529294495
301,13,-24.54891191923077,-52.99115002692308,1,20,9.227106227106226,18,3,Reação tardia ou ineficiente do condutor,5.758960805232469,0.38049935472766533,baixo,0.2228323976541207
302,13,-23.045906546153844,-50.23151614846154,0,14,7.948717948717948,7,1,Acessar a via sem observar a presença dos outros veículos,4.0187839843596675,0.7579898818605274,baixo,0.4439027311713448
303,19,-4.283847810526316,-41.76543586526316,0,25,10.87719298245614,19,2,Ausência de reação do condutor,6.369088164237159,0.457112237702181,baixo,0.2676993131752382
304,12,-16.8617564975,-44.005730768333336,7,70,20.374389499389498,19,2,Velocidade Incompatível,6.900664683021483,0.24681620938595378,medio,0.14454334030799534
305,50,-12.1353466624,-38.3965714096,3,52,11.303333333333333,9,6,Acessar a via sem observar a presença dos outros veículos,12.967461874440323,0.2955867698750841,baixo,0.1731049154951768
306,28,-7.5155144017857145,-46.05496770607142,2,25,11.666666666666668,15,0,Acessar a via sem observar a presença dos outros veículos,7.503872212938314,0.48858714361961497,baixo,0.28613200869594296
307,17,-27.313304520588236,-50.55998894882353,6,23,17.274509803921568,13,4,Acessar a via sem observar a presença dos outros veículos,7.232972556301351,0.3188542733174851,baixo,0.18673109781342698
308,30,-24.58267690066667,-53.993724879666665,0,23,6.138888888888888,1,3,Reação tardia ou ineficiente do condutor,11.319281657023055,0.2323309644609536,baixo,0.1360603249831594
309,93,-22.238184159569894,-54.75693985666666,5,91,10.491295442908346,6,6,Ausência de reação do condutor,17.731454121103788,0.29485949073877715,baixo,0.17267899794316652
310,14,-4.710662536428572,-56.010756674999996,0,14,8.333333333333332,5,4,Reação tardia ou ineficiente do condutor,5.932060811889351,0.38685419191409665,baixo,0.22655399031744483
311,39,-9.214364385384616,-36.004275466410256,6,50,17.844932844932845,18,0,Animais na Pista,13.708789883012177,0.20642465504492918,baixo,0.12088877483513356
312,24,-28.302696335416666,-52.760235764583335,4,35,12.061838624338625,22,6,Acessar a via sem observar a presença dos outros veículos,7.778269178821201,0.39023456588223665,baixo,0.22853364370431417
313,49,-15.691123235510204,-48.17682423795919,10,45,13.39625850340136,7,5,Acessar a via sem observar a presença dos outros veículos,12.83138743653864,0.29581422233081467,baixo,0.17323811881190523
314,14,-14.730805516428571,-56.32899086,2,10,8.928571428571429,6,5,Acessar a via sem observar a presença dos outros veículos,5.965502386948996,0.3826472873987618,baixo,0.22409029462859156
315,28,-27.726911323214285,-49.3399275725,2,46,11.09481292517007,18,2,Velocidade Incompatível,10.577033855078593,0.24806499300578208,baixo,0.14527466729896146
316,14,-14.466808987857144,-46.48289542428571,4,12,14.098639455782314,8,6,Ausência de reação do condutor,5.653577979865477,0.42471934578611675,baixo,0.24872901616179477
317,16,-11.946276095,-38.977441341875,2,16,13.90625,19,2,Ausência de reação do condutor,8.137683395857222,0.23801770152242574,baixo,0.13939065718607035
318,21,-15.818150070952381,-55.38974763428572,3,23,13.571428571428571,10,1,Reação tardia ou ineficiente do condutor,9.407043298391974,0.23465663086090413,baixo,0.13742230842309328
319,29,-20.93571217448276,-54.95737636724138,1,32,9.683908045977011,17,2,Acessar a via sem observar a presença dos outros veículos,7.576888316895875,0.49649681633618176,baixo,0.2907641619813367
320,17,-6.882044545882353,-36.91668919823529,0,19,6.785714285714286,18,0,Acessar a via sem observar a presença dos outros veículos,7.575242011468822,0.2911742106280181,baixo,0.17052078192281284
321,23,-14.301463762173912,-39.319631604347826,1,33,12.195652173913043,1,0,Ingestão de álcool pelo condutor,9.279541290665254,0.26403432385134795,baixo,0.15462681004778758
322,24,-6.8271194,-35.1349961875,2,29,13.675925925925926,16,6,Ausência de reação do condutor,8.704464293760543,0.3126314898682138,baixo,0.1830868399747351
323,15,-27.234385865333333,-51.950952272,1,15,10.3,18,1,Acessar a via sem observar a presença dos outros veículos,7.728430206596319,0.2470004534239537,baixo,0.14465123941539432
324,16,-13.772079798125,-39.490427608750004,2,24,12.989583333333332,0,3,Acessar a via sem observar a presença dos outros veículos,6.500826216614821,0.36985034111142,baixo,0.21659600012209934
325,17,-13.41527670235294,-49.131754441764706,0,16,4.470588235294118,6,0,Reação tardia ou ineficiente do condutor,8.518786620628651,0.23107331021397787,baixo,0.1353238030737489
326,17,-9.364197687058823,-37.25418485588235,3,17,16.27450980392157,21,2,Acessar a via sem observar a presença dos outros veículos,7.208677102155533,0.32096652119489105,baixo,0.18796809664959865
327,30,-8.837085476,-48.51127700866667,2,28,8.927777777777777,19,2,Acessar a via sem observar a presença dos outros veículos,7.288926160629725,0.5542372450471937,baixo,0.32457877430955084
328,11,-19.74359190272727,-48.97128545636363,2,13,11.772727272727273,0,0,Ausência de reação do condutor,5.599675687694032,0.3399639930382022,baixo,0.19909361407193837
329,10,-20.321079427999997,-42.331446809,3,16,11.283333333333335,2,0,Ausência de reação do condutor,3.930302585218448,0.6080033273519632,baixo,0.35606588429693986
330,16,-12.118454200625,-45.005718554375,1,22,9.28125,21,0,Reação tardia ou ineficiente do condutor,5.553976338224525,0.5024075816325958,baixo,0.29422569216951117
331,10,-7.7755603010000005,-40.245259732,3,12,29.733333333333338,18,6,Ausência de reação do condutor,4.224281463672188,0.5306572955445948,medio,0.3107696137447769
332,13,-12.368590827692307,-38.38756141230769,0,40,6.930880713489409,18,4,Ausência de reação do condutor,6.719014205024101,0.2817197358401897,baixo,0.1649839439246509
333,16,-20.215962069375,-42.652590018125,0,16,7.15625,4,0,Ausência de reação do condutor,8.814926087328953,0.2032961370256681,baixo,0.11905661621863596
334,14,-8.673820197857143,-35.587183547857144,0,15,8.571428571428571,13,5,Acessar a via sem observar a presença dos outros veículos,5.759221806903338,0.40973248312565513,baixo,0.23995223770356613
335,31,-10.824797458709677,-38.539371883225805,1,47,14.516129032258064,18,5,Ingestão de álcool pelo condutor,10.22467348541741,0.2937165097732367,baixo,0.1720096323164976
336,25,-15.842466620800002,-48.7793353896,8,32,16.474285714285713,20,4,Acessar a via sem observar a presença dos outros veículos,10.82069128993132,0.21170767135190938,baixo,0.1239826754578371
337,13,-14.027715695384614,-56.09867317,0,18,5.846153846153846,5,0,Reação tardia ou ineficiente do condutor,4.624531311756508,0.5807125738620806,baixo,0.34008356012640184
338,21,-26.082771983333334,-53.712950768571424,4,24,17.325396825396826,2,1,Acessar a via sem observar a presença dos outros veículos,7.7006279643447195,0.34826060633468364,baixo,0.20395237193918161
339,12,-13.187625948333334,-60.81796528,0,14,7.5,16,5,Acessar a via sem observar a presença dos outros veículos,5.770170700983784,0.34990656120056124,baixo,0.20491629491207727
340,14,-31.53175174214286,-52.57970273357143,1,10,8.571428571428571,5,6,Ingestão de álcool pelo condutor,7.171136609546264,0.2670471438765384,baixo,0.15639121227757333
341,16,-18.957204701743752,-49.47927418366875,0,15,5.446428571428571,18,3,Ausência de reação do condutor,6.4425935948053095,0.3764084832461103,baixo,0.2204366545617777
342,11,-18.705093758181818,-44.960322374545456,2,19,14.378787878787877,16,4,Ausência de reação do condutor,4.967255832713148,0.42845518076354555,baixo,0.2509168387031928
343,44,-16.422381381363635,-39.1156277025,2,45,8.93939393939394,18,6,Acessar a via sem observar a presença dos outros veículos,12.452741627907374,0.2819233791043049,baixo,0.16510320382941837
344,17,-8.045331318823528,-48.466332861764705,2,26,11.774509803921568,13,6,Ausência de reação do condutor,6.798152763712538,0.3600559747347875,baixo,0.21086011091206375
345,10,-15.823186919,-58.055714135,1,6,9.0,13,5,Reação tardia ou ineficiente do condutor,3.9501971203578474,0.6022624365559905,baixo,0.3527038379627151
346,19,-2.9396347836842107,-44.33397955736842,1,15,12.052631578947368,6,4,Reação tardia ou ineficiente do condutor,8.437454812065173,0.2631920014104977,baixo,0.15413351951585783
347,10,-8.914570293,-35.640788486999995,1,12,10.1,4,0,Demais falhas mecânicas ou elétricas,4.770076870178665,0.42098822751631354,baixo,0.2465439558728321
348,24,-4.873538692916667,-43.388350730000006,3,32,15.715277777777779,21,5,Acessar a via sem observar a presença dos outros veículos,7.219163850623009,0.45183847397022936,baixo,0.2646108311516794
349,18,-7.0029346455555554,-42.11727847666666,0,21,9.166666666666666,18,4,Ausência de reação do condutor,6.092581066448706,0.4721987224138927,baixo,0.2765344334421019
350,18,-19.399302095,-54.56369197111111,1,22,13.657407407407408,11,1,Ausência de reação do condutor,7.761843557446991,0.29389571060709746,baixo,0.172114577964827
351,21,-1.2156539238095239,-47.16737668809524,3,26,13.798185941043084,6,5,Acessar a via sem observar a presença dos outros veículos,7.921313378816166,0.3294262044490324,baixo,0.19292235341637806
352,24,-21.118574587083334,-49.6895729575,2,30,12.802579365079366,18,6,Ausência de reação do condutor,11.103775577458892,0.19309083644312072,baixo,0.1130800710042094
353,12,-8.365982575,-36.567510283333334,2,15,18.472222222222225,17,4,Ingestão de álcool pelo condutor,5.297228928497116,0.41292973399988725,baixo,0.24182464844317644
354,14,-13.474545417142858,-39.422810004285715,4,12,24.345238095238095,18,6,Condutor Dormindo,7.616304898638718,0.23725556197676856,medio,0.13894432428117656
355,13,-1.3076794023076923,-47.76156512769231,7,10,23.46153846153846,17,6,Ausência de reação do condutor,5.412648826428292,0.429088683404692,medio,0.2512878377881923
356,18,-4.333932266111111,-39.28252186277778,3,14,15.342592592592593,7,6,Transitar na contramão,7.096186667618974,0.3504955066436424,baixo,0.20526119989953295
357,24,-21.479138056249997,-56.14730254333333,0,28,7.638888888888889,16,0,Acessar a via sem observar a presença dos outros veículos,7.18177102167178,0.456466113457772,baixo,0.2673209224821261
358,17,-9.078561601176471,-44.35176677411764,0,14,8.529411764705882,8,0,Ausência de reação do condutor,5.568999420098185,0.5310217512350659,baixo,0.3109830504676972
359,10,-18.342115979,-45.101107767,2,9,19.333333333333332,16,6,Ingestão de álcool pelo condutor,5.344562409391595,0.3382452479782716,baixo,0.19808706287046624
360,11,-18.637312486363637,-46.47821766090909,0,19,6.181818181818182,17,1,Reação tardia ou ineficiente do condutor,4.190523610159144,0.5926568269408681,baixo,0.34707849065299573
361,18,-15.74180041888889,-49.32096067166666,2,20,11.018518518518517,2,3,Ingestão de álcool pelo condutor,7.768028359912034,0.2934355312321371,baixo,0.1718450824395408
362,16,-21.179949875,-41.9721910675,1,25,10.125,13,5,Acessar a via sem observar a presença dos outros veículos,7.653811862607084,0.2685427239126209,baixo,0.15726707101736653
363,7,-10.219434747142857,-48.171498334285715,0,8,6.785714285714286,18,0,Ausência de reação do condutor,5.539341366472068,0.220929589325727,baixo,0.1293833208664113
364,12,-7.602371841666667,-40.484873115,1,13,10.277777777777777,9,5,Acessar a via sem observar a presença dos outros veículos,5.299637571182211,0.4125673745152589,baixo,0.2416124393243719
365,11,-28.661205479090906,-55.984838383636365,0,12,4.045454545454546,17,5,Acessar a via sem observar a presença dos outros veículos,3.7663302229672446,0.7243874693079965,baixo,0.42422410080572287
366,14,-19.201232504285713,-42.04306659785714,0,19,13.785714285714286,15,6,Ausência de reação do condutor,6.222762751275297,0.3524426366585616,baixo,0.2064015005186478
367,12,-8.713404368333334,-36.419528720833334,3,15,20.65277777777778,19,6,Reação tardia ou ineficiente do condutor,5.361754010919719,0.4033829567307065,medio,0.23623375520688172
368,11,-19.783140085454544,-45.689953597272726,0,16,6.262626262626262,5,6,Acessar a via sem observar a presença dos outros veículos,4.519173592515961,0.513468513452709,baixo,0.30070332196609434
369,10,-11.401889652,-55.34676961699999,0,9,6.5357142857142865,4,6,Demais falhas mecânicas ou elétricas,4.786102705354672,0.41829139574076746,baixo,0.2449646063071939
370,11,-18.53031196363636,-54.742692695454544,2,11,12.069264069264069,18,5,Acessar a via sem observar a presença dos outros veículos,4.601318040531103,0.4961183763604598,baixo,0.29054253562084353
371,17,-21.432006908235294,-42.52597902352941,4,25,13.745098039215685,4,6,Condutor deixou de manter distância do veículo da frente,9.088003581672352,0.20336920785580237,baixo,0.11909940879653416
372,10,-6.984628827,-38.74211725,0,16,12.0,0,6,Ausência de reação do condutor,4.266638710556487,0.5207192663494524,baixo,0.3049495910666958
373,12,-7.304545914166667,-38.899905580833334,0,17,13.958333333333334,16,6,Acessar a via sem observar a presença dos outros veículos,5.602083273809428,0.37056094612852786,baixo,0.21701215278511904
374,16,-26.41726188875,-51.29730178875,0,23,11.458333333333334,8,3,Condutor deixou de manter distância do veículo da frente,5.6907930299242855,0.47925535254703117,baixo,0.2806670181426752
375,15,-13.685784956666668,-56.040398565333334,2,15,10.296825396825396,7,2,Reação tardia ou ineficiente do condutor,7.89161512937715,0.23705074978412075,baixo,0.1388243798150705
376,14,-7.527555862142857,-63.04752377214286,0,11,6.25,21,4,Acessar a via sem observar a presença dos outros veículos,4.245821545691297,0.7357964765911255,baixo,0.4309055745484906
377,13,-30.862956893846157,-51.79178036384615,0,15,8.615384615384615,4,6,Ausência de reação do condutor,6.556384113434936,0.2955474236310441,baixo,0.17308187309631543
378,27,-7.019756825185185,-37.281855093333334,3,35,14.225308641975309,18,5,Acessar a via sem observar a presença dos outros veículos,8.44381151783147,0.3734545571320932,baixo,0.21870674245995383
379,14,-14.950908373571428,-39.30719009142857,4,20,20.809523809523807,17,2,Acessar a via sem observar a presença dos outros veículos,3.468524311187153,1.0743890974021748,medio,0.62919606988276
380,10,-25.792263523000003,-49.872441707,1,16,12.216666666666667,4,6,Ausência de reação do condutor,4.2924069415625015,0.5148069455283979,baixo,0.30148714991433456
381,13,-13.752096486153846,-49.02900178538461,1,14,10.512820512820513,1,5,Ausência de reação do condutor,6.930813181700945,0.2651104203192334,baixo,0.1552570060075617
382,14,-3.1834802435714287,-41.83896868214286,1,13,9.761904761904761,7,4,Acessar a via sem observar a presença dos outros veículos,5.660202676676805,0.42375581977090154,baixo,0.2481647450020547
383,12,-15.941849345833333,-47.75220939166667,0,23,10.319444444444445,9,5,Conversão proibida,3.8910299225331166,0.7434891789202804,baixo,0.4354106631462674
384,11,-25.719082826363636,-53.788649774545455,1,12,11.06060606060606,9,4,Acessar a via sem observar a presença dos outros veículos,3.526552364473292,0.8186612139131687,baixo,0.4794337727412726
385,10,-16.4133442,-47.821076399999995,2,8,12.2,18,0,Reação tardia ou ineficiente do condutor,4.19123920625757,0.5386048794973467,baixo,0.31542396904326786
386,12,-2.947316583333333,-60.03228754333333,1,8,7.638888888888889,12,4,Reação tardia ou ineficiente do condutor,5.957608032815215,0.3288293443522061,baixo,0.19257281335858986
387,11,-20.05410226818182,-48.82629610000001,0,9,8.969696969696969,15,1,Reação tardia ou ineficiente do condutor,6.75264430358638,0.2360605945781755,baixo,0.13824451376313354
388,13,-17.039280792307693,-39.55059932153846,3,14,17.17948717948718,12,1,Acessar a via sem observar a presença dos outros veículos,6.319189723019373,0.3175986900092062,baixo,0.18599578871089636
389,10,-14.105675643999998,-52.17344278200001,0,12,5.333333333333333,9,1,Reação tardia ou ineficiente do condutor,5.614134499369496,0.3075172009921409,baixo,0.18009175144596007
390,12,-27.499833606666666,-50.94978301583333,3,12,28.125,12,5,Velocidade Incompatível,4.527029439608663,0.5582954538961117,medio,0.3269553891362246
391,15,-17.819260838666665,-51.192428758666665,0,16,6.746031746031746,16,2,Reação tardia ou ineficiente do condutor,6.521137126951114,0.3446277066647242,baixo,0.20182483155353936
392,14,0.7031840149999999,-51.399661450714284,0,16,7.976190476190475,11,0,Acessar a via sem observar a presença dos outros veículos,6.353522000800668,0.3384320391174647,baixo,0.19819645364048932
393,11,-27.215383953636366,-53.304419429090906,3,8,16.0,7,0,Ausência de reação do condutor,4.296340096633887,0.5653045399542753,baixo,0.3310601305301292
394,17,-31.415121854117647,-52.67534749235294,2,13,10.34313725490196,19,5,Ausência de reação do condutor,7.753521036810976,0.2781546115179513,baixo,0.16289609491573995
395,17,-30.87218903294118,-55.50920857470588,1,19,9.558823529411764,13,0,Acessar a via sem observar a presença dos outros veículos,3.7211990853490855,1.1449875792717754,baixo,0.6705407628244963
396,13,-25.557992248461538,-52.03054298153847,1,16,10.622710622710624,11,5,Transitar na contramão,6.361850552917478,0.3134558711887542,baixo,0.1835696236219472
397,40,-25.58570416625,-54.5313572785,0,44,6.3125,6,2,Ingestão de álcool pelo condutor,5.362937650612541,1.3440363317073145,baixo,0.7871099769484426
398,13,-24.08552838673846,-54.2438597096923,1,13,6.840874811463046,8,6,Condutor deixou de manter distância do veículo da frente,5.570315972467745,0.40588951895076847,baixo,0.23770167693244001
399,10,-16.788563201,-43.894852774,0,11,11.583333333333332,9,1,Velocidade Incompatível,4.30625015907797,0.5116714710233726,baixo,0.2996509173608307
400,10,-26.273063837000002,-51.04679118,3,9,16.75,19,5,Acessar a via sem observar a presença dos outros veículos,4.626684202678884,0.4463049068876334,baixo,0.261370200109145
401,6,-30.056529128333334,-51.480521751666664,2,6,20.61111111111111,6,3,Acostamento em desnível,2.0787208693333916,1.127590543583271,medio,0.6603525111852303
402,13,-25.883371201538463,-50.39598609846154,2,11,20.692307692307693,5,4,Ingestão de álcool pelo condutor,5.498249262897561,0.4162564811668231,medio,0.24377289628745452
403,14,-17.366426233571428,-44.93927783428571,4,22,26.339285714285715,17,5,Reação tardia ou ineficiente do condutor,5.752922596266769,0.41060392377566773,medio,0.24046258077522403
404,11,-15.221958857272728,-48.69550833727272,0,10,6.909090909090909,12,0,Ausência de reação do condutor,2.7398251027612295,1.29310725964051,baixo,0.7572843094461466
405,11,-6.459684383636364,-37.06776059909091,2,10,29.545454545454547,1,5,Ausência de reação do condutor,6.484595071834309,0.2555169996791927,medio,0.14963879694527613
406,12,-19.558694160833333,-46.761396695,0,19,6.369731800766284,15,4,Condutor Dormindo,5.713287000229756,0.3567007144307222,baixo,0.20889516487728352
407,11,-22.585318586363634,-55.67772949363636,4,9,28.636363636363637,16,6,Reação tardia ou ineficiente do condutor,7.4182001829268005,0.19632447053942131,medio,0.1149737889037588
408,6,-9.986142221666666,-36.57550140833333,2,4,41.25,0,2,Ingestão de álcool pelo condutor,2.5356471414582216,0.8075906602643959,alto,0.4729505080989968
409,12,-27.845394805833333,-54.559963896666666,3,24,17.6984126984127,7,5,Ingestão de álcool pelo condutor,5.227919661648172,0.4235621408301929,baixo,0.2480513205186831
410,13,-16.389492296153847,-39.4167142276923,0,13,7.435897435897435,16,6,Ausência de reação do condutor,6.922738528153736,0.26571658011481086,baixo,0.1556119922616297
411,7,-6.711359898571429,-35.119940268571426,0,6,8.979591836734695,13,3,Reação tardia ou ineficiente do condutor,3.2105458373150593,0.6190524221552844,baixo,0.36253658196394106
412,12,-6.6218284433333325,-35.13298829083333,1,13,17.44047619047619,9,2,Ausência de reação do condutor,5.943674283129571,0.3303304098350618,baixo,0.19345188454865792
413,10,-5.645954033000001,-37.796741161,1,10,23.5,8,1,Reação tardia ou ineficiente do condutor,3.2311206560954355,0.8741151238663644,medio,0.5119093277208875
414,11,-16.02748655818182,-48.84569123272727,0,10,6.590909090909091,13,6,Acessar a via sem observar a presença dos outros veículos,4.768365630041984,0.46340548435039575,baixo,0.2713848364809325
415,10,-16.37693257,-39.30603694,0,20,11.528571428571428,5,0,Acessar a via sem observar a presença dos outros veículos,4.638547540304227,0.4441261878884789,baixo,0.26009427369201965
416,2,-20.74068665,-42.285768669999996,0,4,13.333333333333332,11,2,Avarias e/ou desgaste excessivo no pneu,0.6264973057967426,1.436266870370917,baixo,0.8411230831784158
417,19,-28.345526895789476,-53.508090340526316,4,31,14.342105263157896,17,6,Ingestão de álcool pelo condutor,7.900524690914251,0.29959811093351335,baixo,0.1754540830686618
418,12,-27.947200115,-52.933948885,0,11,5.277777777777778,11,2,Ausência de reação do condutor,4.268123779629577,0.6244509840530188,baixo,0.3656981497211777
419,12,-13.946511971666666,-39.980638875833336,1,18,17.305555555555554,8,6,Ausência de reação do condutor,5.105806918652283,0.44330720891390896,baixo,0.2596146538286368
420,10,-30.090815289,-51.631780804,0,14,8.633333333333333,16,0,Acessar a via sem observar a presença dos outros veículos,4.786112901775793,0.4182896880221012,baixo,0.2449636062133956
421,10,-7.061869068,-55.408843676000004,0,7,3.083333333333333,15,0,Reação tardia ou ineficiente do condutor,4.896732965209288,0.4003524104885008,baixo,0.23445897194651136
422,17,-21.72115100352941,-43.03894329235294,0,25,12.92156862745098,5,0,Reação tardia ou ineficiente do condutor,8.437529364803805,0.23548347640643558,baixo,0.13790653519801715
423,15,2.798928456666667,-60.62722012266667,1,13,11.222222222222223,19,2,Acessar a via sem observar a presença dos outros veículos,5.745157543691914,0.44108779634949247,baixo,0.25831489597893803
424,2,-19.691506155,-40.290404745000004,0,3,15.0,12,1,Ausência de reação do condutor,1.1092038260108128,0.8967270293469314,baixo,0.5251515712389335
425,12,-20.45388591,-53.777897278333334,1,9,8.222222222222223,18,3,Ausência de reação do condutor,5.33020552898995,0.408009346121841,baixo,0.2389431144415273
426,10,-30.252371147999998,-54.946349297000005,1,10,4.25,16,4,Condutor deixou de manter distância do veículo da frente,3.5179279985564915,0.7476178613006822,baixo,0.4378285494910044
427,10,-10.768913356999999,-65.322238295,0,13,8.5,9,0,Acessar a via sem observar a presença dos outros veículos,5.1524310222020455,0.36300874872161953,baixo,0.2125893482919469
428,10,-11.661104751,-38.99054212,0,19,9.095238095238095,7,3,Condutor deixou de manter distância do veículo da frente,4.65010814709686,0.44201814243018306,baixo,0.2588597359247423
429,14,-2.588505796428571,-54.72613090857143,1,17,12.380952380952381,8,6,Acessar a via sem observar a presença dos outros veículos,7.10931240648024,0.2716214406766544,baixo,0.15907006445139887
430,14,-14.006968272857142,-49.08933549142857,3,46,11.031880548829701,21,0,Reação tardia ou ineficiente do condutor,6.36071026277646,0.33768598469612443,baixo,0.19775954069064555
431,13,-21.41479186307692,-41.68969681,2,15,16.794871794871792,11,3,Ausência de reação do condutor,6.7744968773424725,0.27722210182465945,baixo,0.16234998789030058
432,10,-10.625434057,-38.397244108,3,5,20.333333333333332,12,2,Ausência de reação do condutor,5.3233573482059295,0.3408533134788417,medio,0.19961442811172134
433,10,-19.667420467,-40.416011694999995,0,19,14.566666666666666,8,3,Ausência de reação do condutor,5.2502938569368345,0.35007159123442233,baixo,0.2050129416939267
434,13,-6.424767727692307,-38.846700473846155,0,17,11.256410256410257,19,3,Ausência de reação do condutor,4.278095484941544,0.6735018128145909,baixo,0.3944238588296355
435,8,-31.619358277499998,-52.50290269375,1,7,20.208333333333332,21,3,Ausência de reação do condutor,4.275086958182538,0.4150159299969128,medio,0.24304639047826176
436,6,-27.37780253833333,-51.07176851,0,5,3.611111111111111,9,1,Acessar a via sem observar a presença dos outros veículos,2.9502369048335595,0.6183082434475924,baixo,0.3621007674910444
437,8,-26.09213891875,-52.641538159999996,1,11,9.51388888888889,8,0,Ultrapassagem Indevida,2.5902160468386106,1.0377185839854848,baixo,0.6077206630881884
438,9,-11.055185103333335,-61.92545348555556,1,13,7.7248677248677255,16,6,Ausência de reação do condutor,3.8991989103011333,0.5554269110683391,baixo,0.32527548017410923
